{
  "mode": "synthetic",
  "dataset_preset": "synthetic",
  "snapshot_mode": "window",
  "seed": 42,
  "classifier": "logreg",
  "num_nodes": 120,
  "feature_dim": 12,
  "embedding_dim": 16,
  "num_snapshots": 3,
  "initialization_latency_ms": 3.9710000000000023,
  "avg_update_latency_ms": 2.8878499999999976,
  "avg_compute_update_latency_ms": 2.8878499999999976,
  "avg_pacing_wait_ms": 0.0,
  "p95_update_latency_ms": 3.089224999999993,
  "final_macro_f1": 0.9777777777777779,
  "final_micro_f1": 0.9722222222222222,
  "final_link_auc": 0.8693752533669654,
  "final_link_ap": 0.8718193559055063,
  "final_reconstruction_auc": 0.874239899103644,
  "ablation_tag": "w/o-Inc",
  "update_rate": 0,
  "effective_update_rate": 1731.3918659210156,
  "quantization_compression_ratio": 7.5,
  "quantization_error": 0.005748750453532184,
  "binary_compression_ratio": 1.0,
  "binary_error": 0.0,
  "output_dir": "D:\\毕设资料\\algorithms\\outputs\\stage23_matrix_synthetic_20260319_174116\\stage3_w_o-Inc"
}