{
  "mode": "file",
  "num_nodes": 10000,
  "feature_dim": 128,
  "embedding_dim": 64,
  "num_snapshots": 3,
  "initialization_latency_ms": 669.9869000000001,
  "avg_update_latency_ms": 714.9198499999998,
  "p95_update_latency_ms": 720.5754949999998,
  "final_macro_f1": 0.18618454574064838,
  "final_micro_f1": 0.4342735497605109,
  "final_link_auc": 0.8563804626464844,
  "final_link_ap": 0.8551590618433824,
  "final_reconstruction_auc": 0.8698463439941406,
  "quantization_compression_ratio": 7.9936051159072745,
  "quantization_error": 0.009294515573926404,
  "binary_compression_ratio": 2.0,
  "binary_error": 7.233505986604817,
  "output_dir": "D:\\毕设资料\\algorithms\\outputs\\twitter_sample_20260319_165430"
}