{
  "mode": "synthetic",
  "dataset_preset": "synthetic",
  "snapshot_mode": "window",
  "seed": 42,
  "classifier": "logreg",
  "num_nodes": 120,
  "feature_dim": 12,
  "embedding_dim": 16,
  "num_snapshots": 3,
  "initialization_latency_ms": 2.2728000000000192,
  "avg_update_latency_ms": 1.2147500000000144,
  "avg_compute_update_latency_ms": 1.2147500000000144,
  "avg_pacing_wait_ms": 0.0,
  "p95_update_latency_ms": 1.5164749999999976,
  "final_macro_f1": 0.6717948717948717,
  "final_micro_f1": 0.6388888888888888,
  "final_link_auc": 0.9520967523985406,
  "final_link_ap": 0.9555815244276882,
  "final_reconstruction_auc": 0.952400792757083,
  "ablation_tag": "w/o-Attr",
  "update_rate": 0,
  "effective_update_rate": 4116.073266104087,
  "quantization_compression_ratio": 7.5,
  "quantization_error": 0.0066930891489503045,
  "binary_compression_ratio": 1.0,
  "binary_error": 0.0,
  "output_dir": "D:\\毕设资料\\algorithms\\outputs\\stage23_matrix_synthetic_20260319_174116\\stage3_w_o-Attr"
}