{
  "mode": "synthetic",
  "dataset_preset": "synthetic",
  "snapshot_mode": "window",
  "seed": 42,
  "classifier": "logreg",
  "num_nodes": 120,
  "feature_dim": 12,
  "embedding_dim": 16,
  "num_snapshots": 3,
  "initialization_latency_ms": 3.117599999999998,
  "avg_update_latency_ms": 1.2832499999999858,
  "avg_compute_update_latency_ms": 1.2832499999999858,
  "avg_pacing_wait_ms": 0.0,
  "p95_update_latency_ms": 1.3347749999999936,
  "final_macro_f1": 0.9185888185888186,
  "final_micro_f1": 0.9166666666666666,
  "final_link_auc": 0.8579118057745146,
  "final_link_ap": 0.8713482184686083,
  "final_reconstruction_auc": 0.8589252736363227,
  "ablation_tag": "w/o-Hyperbolic",
  "update_rate": 0,
  "effective_update_rate": 3896.3569062926595,
  "quantization_compression_ratio": 7.5,
  "quantization_error": 0.005425636810092602,
  "binary_compression_ratio": 1.0,
  "binary_error": 0.0,
  "output_dir": "D:\\毕设资料\\algorithms\\outputs\\stage23_matrix_synthetic_20260319_174116\\stage3_w_o-Hyperbolic"
}