{
  "mode": "synthetic",
  "num_nodes": 600,
  "feature_dim": 24,
  "embedding_dim": 64,
  "num_snapshots": 5,
  "initialization_latency_ms": 39.689399999999985,
  "avg_update_latency_ms": 38.14879999999996,
  "p95_update_latency_ms": 39.04768499999995,
  "final_macro_f1": 1.0,
  "final_micro_f1": 1.0,
  "final_link_auc": 0.7458915710449219,
  "final_link_ap": 0.7672756156140095,
  "final_reconstruction_auc": 0.7655429840087891,
  "ablation_tag": "w/o-Inc",
  "update_rate": 0,
  "effective_update_rate": 131.06572159543697,
  "quantization_compression_ratio": 7.894736842105263,
  "quantization_error": 0.005496155624977522,
  "binary_compression_ratio": 1.0,
  "binary_error": 0.0,
  "output_dir": "D:\\毕设资料\\algorithms\\outputs\\synthetic_20260319_172634"
}