{
  "mode": "synthetic",
  "num_nodes": 240,
  "feature_dim": 16,
  "embedding_dim": 32,
  "num_snapshots": 5,
  "initialization_latency_ms": 15.518000000000033,
  "avg_update_latency_ms": 1.5537749999999932,
  "p95_update_latency_ms": 1.735134999999971,
  "final_macro_f1": 1.0,
  "final_micro_f1": 1.0,
  "final_link_auc": 0.777435302734375,
  "final_link_ap": 0.8178242076983961,
  "final_reconstruction_auc": 0.7845687866210938,
  "ablation_tag": "w/o-Hyperbolic",
  "update_rate": 0,
  "effective_update_rate": 3217.9691396759645,
  "quantization_compression_ratio": 7.741935483870968,
  "quantization_error": 0.005703402645248307,
  "binary_compression_ratio": 1.0,
  "binary_error": 0.0,
  "output_dir": "D:\\毕设资料\\algorithms\\outputs\\stage23_matrix_synthetic_20260319_173754\\stage3_w_o-Hyperbolic"
}