{
  "mode": "synthetic",
  "num_nodes": 600,
  "feature_dim": 24,
  "embedding_dim": 64,
  "num_snapshots": 5,
  "initialization_latency_ms": 38.69889999999998,
  "avg_update_latency_ms": 5.233375000000012,
  "p95_update_latency_ms": 6.228450000000024,
  "final_macro_f1": 1.0,
  "final_micro_f1": 1.0,
  "final_link_auc": 0.743194580078125,
  "final_link_ap": 0.7517194054309464,
  "final_reconstruction_auc": 0.7595596313476562,
  "ablation_tag": "w/o-Hyperbolic",
  "update_rate": 0,
  "effective_update_rate": 955.4064059999499,
  "quantization_compression_ratio": 7.894736842105263,
  "quantization_error": 0.0054708534639199375,
  "binary_compression_ratio": 1.0,
  "binary_error": 0.0,
  "output_dir": "D:\\毕设资料\\algorithms\\outputs\\synthetic_20260319_172633"
}