{
  "mode": "file",
  "num_nodes": 10000,
  "feature_dim": 100,
  "embedding_dim": 64,
  "num_snapshots": 6,
  "initialization_latency_ms": 68.19719999999974,
  "avg_update_latency_ms": 351.66654000000005,
  "p95_update_latency_ms": 364.2034,
  "final_macro_f1": 1.0,
  "final_micro_f1": 1.0,
  "final_link_auc": 0.9326324462890625,
  "quantization_compression_ratio": 7.9936051159072745,
  "output_dir": "D:\\毕设资料\\algorithms\\outputs\\amazon2m_sample_20260316_180235"
}