{
  "mode": "file",
  "num_nodes": 8000,
  "feature_dim": 5,
  "embedding_dim": 64,
  "num_snapshots": 6,
  "initialization_latency_ms": 48.86240000000003,
  "avg_update_latency_ms": 135.8109,
  "p95_update_latency_ms": 140.17708000000005,
  "final_macro_f1": 0.07480014917391478,
  "final_micro_f1": 0.35583333333333333,
  "final_link_auc": 0.8997001647949219,
  "quantization_compression_ratio": 7.992007992007992,
  "output_dir": "D:\\毕设资料\\algorithms\\outputs\\mag_sample_20260316_180342"
}