{
  "mode": "synthetic",
  "dataset_preset": "synthetic",
  "snapshot_mode": "window",
  "seed": 42,
  "classifier": "logreg",
  "num_nodes": 120,
  "feature_dim": 12,
  "embedding_dim": 16,
  "num_snapshots": 3,
  "initialization_latency_ms": 3.4594000000000014,
  "avg_update_latency_ms": 1.2881000000000005,
  "avg_compute_update_latency_ms": 1.2881000000000005,
  "avg_pacing_wait_ms": 0.0,
  "p95_update_latency_ms": 1.3803499999999926,
  "final_macro_f1": 0.8707417582417581,
  "final_micro_f1": 0.8611111111111112,
  "final_link_auc": 0.871841358497365,
  "final_link_ap": 0.8822992974593956,
  "final_reconstruction_auc": 0.8730687806855547,
  "ablation_tag": "full",
  "update_rate": 0,
  "effective_update_rate": 3881.686204487228,
  "quantization_compression_ratio": 7.5,
  "quantization_error": 0.0055319052271572125,
  "binary_compression_ratio": 1.0,
  "binary_error": 0.0,
  "output_dir": "D:\\毕设资料\\algorithms\\outputs\\stage23_matrix_synthetic_20260319_174116\\stage3_full"
}