{
  "mode": "synthetic",
  "num_nodes": 240,
  "feature_dim": 16,
  "embedding_dim": 32,
  "num_snapshots": 5,
  "initialization_latency_ms": 5.699999999999983,
  "avg_update_latency_ms": 1.476649999999996,
  "p95_update_latency_ms": 1.5721199999999962,
  "final_macro_f1": 0.846521930833525,
  "final_micro_f1": 0.8472222222222222,
  "final_link_auc": 0.9095535278320312,
  "final_link_ap": 0.9052858239223048,
  "final_reconstruction_auc": 0.9166126251220703,
  "ablation_tag": "w/o-Attr",
  "update_rate": 0,
  "effective_update_rate": 3386.042731859285,
  "quantization_compression_ratio": 7.741935483870968,
  "quantization_error": 0.006224561679722924,
  "binary_compression_ratio": 1.0,
  "binary_error": 0.0,
  "output_dir": "D:\\毕设资料\\algorithms\\outputs\\stage23_matrix_synthetic_20260319_173754\\stage3_w_o-Attr"
}